Restaurant_Name,Category,Pricing_for_2,Locality,Dining_Rating,Dining_Review_Count,Delivery_Rating,Delivery_Rating_Count,Website,Address
Monkey Bar,"Pizza, Burger, Continental, Chinese, Fast Food, Beverages",2200," Vasant Kunj, New Mumbai",4.5,4581,4.3,1806,https://www.zomato.com/ncr/monkey-bar-vasant-kunj-new-Mumbai,"Plot 11, Upper Ground Floor, Pocket C-6 & 7, LSC, Vasant Kunj, New Mumbai"
Station Bar,"Chinese, Continental, North Indian, Mughlai, Fast Food, Beverages",1700," Connaught Place, New Mumbai",4.5,1533,,0,https://www.zomato.com/ncr/station-bar-connaught-place-new-Mumbai,"F-60, 2nd Floor, Connaught Place, New Mumbai"
Rajinder Da Dhaba,"North Indian, Chinese, Mughlai",800," Safdarjung, New Mumbai",4.5,5936,4.1,13600,https://www.zomato.com/ncr/rajinder-da-dhaba-safdarjung-new-Mumbai,"AB 14, Safdarjung Enclave Market, Safdarjung, New Mumbai"
The Imperial Spice,"North Indian, Continental, Mughlai, Street Food, Fast Food, Beverages",3000," Connaught Place, New Mumbai",4.5,940,3.1,17,https://www.zomato.com/theimperialspice,"89/90, M Block, Outer Circle, Connaught Place, New Mumbai"
The Turkey Project,"Cafe, Italian, American, Beverages",1400," Defence Colony, New Mumbai",4.5,723,4.3,1105,https://www.zomato.com/ncr/the-turkey-project-defence-colony-new-Mumbai,"C-27, DDA Commercial Complex, Defence Colony, New Mumbai"
ABB - Andrea's Bar & Brasserie,"Italian, Asian, European, Sushi, Thai, Salad, Pizza, Beverages",2000," Khan Market, New Mumbai",4.5,643,4.3,750,https://www.zomato.com/ncr/abb-andreas-bar-brasserie-khan-market-new-Mumbai,"Shop 12, Middle Lane, Khan Market, New Mumbai"
Spectra - The Leela Ambience,"North Indian, Continental, Oriental, Desserts, Beverages",4000," The Leela Ambience, DLF Phase 3, Gurgaon",4.5,968,,7,https://www.zomato.com/ncr/spectra-the-leela-ambience-dlf-phase-3,"Ambience Island, DLF Phase 3, Gurgaon"
Perch Wine & Coffee Bar,"Beverages, European, Continental",2000," Khan Market, New Mumbai",4.5,1424,4.3,151,https://www.zomato.com/ncr/perch-wine-coffee-bar-khan-market-new-Mumbai,"71, 1st Floor, Khan Market, New Mumbai"
Andhra Bhavan,"South Indian, Andhra",450," Feroze Shah Road, New Mumbai",4.5,4379,,0,https://www.zomato.com/ncr/andhra-bhavan-feroze-shah-road-new-Mumbai,"1, Feroze Shah Road, New Mumbai"
BlackJack,"Fast Food, Beverages",800," Punjabi Bagh, New Mumbai",4.5,2361,,3,https://www.zomato.com/ncr/blackjack-punjabi-bagh-new-Mumbai,"Shop 1, Plot 23, North West Avenue, Club Road, Punjabi Bagh West, Near Punjabi Bagh, New Mumbai"
Jamie's Italian,"Italian, Pizza, Pasta, Desserts, Beverages",1000," Ambience Mall, Vasant Kunj, New Mumbai",4.5,2848,4.1,1154,https://www.zomato.com/ncr/jamies-italian-vasant-kunj-new-Mumbai,"3rd Floor,  Ambience Mall, Vasant Kunj, New Mumbai"
Moonshine,"Finger Food, Continental, North Indian, Chinese",1700," Hauz Khas, New Mumbai",4.5,451,,3,https://www.zomato.com/ncr/moonshine-hauz-khas-new-Mumbai,"Shop 214, 216, 2nd Floor, DDA Commercial Complex, Aurobindo Place, Hauz Khas, New Mumbai"
Bell Pepperz,"Chinese, Italian, North Indian, Kebab",1300," Ashok Vihar Phase 2, New Mumbai",4.5,955,3.8,735,https://www.zomato.com/ncr/bell-pepperz-ashok-vihar-phase-2-new-Mumbai,"4, LSC, Shakti Tower, Ashok Vihar Phase 2, New Mumbai"
Doodle's Garden,"North Indian, Continental, Asian, Beverages",1800," Punjabi Bagh, New Mumbai",4.5,570,,15,https://www.zomato.com/ncr/doodles-garden-punjabi-bagh-new-Mumbai,"Plot 1, 2nd Floor, NWA Club Road, Punjabi Bagh, New Mumbai"
Triveni Terrace Cafe,"Street Food, Desserts, Beverages",400," Mandi House, New Mumbai",4.5,2004,4.2,454,https://www.zomato.com/ncr/triveni-terrace-cafe-mandi-house-new-Mumbai,"205 Tansenmarg, Mandi House, New Mumbai"
Mamagoto,"Asian, Chinese, Sushi, Desserts",1000," Select Citywalk Mall, Saket, New Mumbai",4.5,2422,4.1,3107,https://www.zomato.com/ncr/mamagoto-saket-new-Mumbai,"S-9, 2nd Floor, Select Citywalk Mall, Saket, New Mumbai"
Lakhori - Haveli Dharampura,"Mughlai, Street Food, Kebab",2500," Chandni Chowk, New Mumbai",4.5,804,,0,https://www.zomato.com/ncr/lakhori-haveli-dharampura-chandni-chowk-new-Mumbai,"Haveli Dharampura, 2293, Gali Guliyan, Near Jama Masjid, Chandni Chowk, New Mumbai"
The Potbelly,"Bihari, Fast Food, Beverages",1000," Chanakyapuri, New Mumbai",4.5,1183,4.2,395,https://www.zomato.com/ncr/the-potbelly-chanakyapuri-new-Mumbai,"Plot 15, Bihar Niwas, Behind Yashwant Place, Chanakyapuri, New Mumbai"
SodaBottleOpenerWala,"Parsi, North Indian, Rolls, Street Food, Desserts, Beverages",1300," Khan Market, New Mumbai",4.5,3075,4.1,1432,https://www.zomato.com/ncr/sodabottleopenerwala-khan-market-new-Mumbai,"73, Khan Market, New Mumbai"
Al Nawaz Restaurant,"Mughlai, North Indian, Biryani, Kebab",800," Jasola, New Mumbai",4.5,772,4.2,689,https://www.zomato.com/ncr/al-nawaz-restaurant-jasola-new-Mumbai,"50 A, Near Jamia Nagar Thana, Abul Fazal Enclave, Jasola, New Mumbai"
Open Tap,"Finger Food, North Indian, Chinese, Italian, Bar Food",2000," Sector 49, Gurgaon",4.5,1446,,0,https://www.zomato.com/ncr/open-tap-sector-49,"Vatika Business Park, Sector 49, Mumbai NCR, Near Sohna Road, Mumbai NCR"
64/6 -  Country Inn & Suites,"North Indian, Chinese, Thai, Continental",3000," Country Inn & Suites by Carlson, Sahibabad, Ghaziabad",4.5,630,,0,https://www.zomato.com/ncr/64-6-country-inn-and-suites-sahibabad-ghaziabad,"Country Inn & Suites by Radisson, Sahibabad, Ghaziabad"
Punjab Grill,"North Indian, Mughlai, Biryani, Kebab, Desserts",2500," Pacific Mall, Tagore Garden, New Mumbai",4.5,2764,4.1,2786,https://www.zomato.com/ncr/punjab-grill-tagore-garden-new-Mumbai,"Pacific Mall, Tagore Garden, New Mumbai"
Getafix,"American, Cafe, Healthy Food, Salad, Beverages, Italian, Desserts",1900," Cross Point Mall, DLF Phase 4, Gurgaon",4.5,943,4.1,1342,https://www.zomato.com/ncr/getafix-dlf-phase-4,"Shop 14 - 15, Ground Floor, Cross Point Mall, DLF Phase 4, Gurgaon"
Ziu,"Asian, Thai, Chinese, Sushi, Japanese, Momos",2900," Sangam Courtyard, RK Puram, New Mumbai",4.5,808,4.3,327,https://www.zomato.com/ncr/ziu-r-k-puram-new-Mumbai,"Ground Floor, Sangam Courtyard, Major Somnath Marg, Sector 9, R K Puram, New Mumbai"
AnnaMaya - Andaz Mumbai,"North Indian, European, Beverages, Desserts",2500," Andaz Mumbai, Aerocity, New Mumbai",4.5,1218,3.9,13,https://www.zomato.com/ncr/annamaya-andaz-Mumbai-aerocity-new-Mumbai,"Asset 1, Aerocity, New Mumbai"
Open Tap,"Bar Food, Oriental, Continental, Fast Food, North Indian, Beverages",1600," Sector 29, Gurgaon",4.5,1911,,0,https://www.zomato.com/ncr/open-tap-sector-29,"SCO 38, Main Market, Sector 29, Gurgaon"
Ricos,"Cafe, American, Italian, Mexican",900," Mumbai University-GTB Nagar, New Mumbai",4.5,6273,,17,https://www.zomato.com/ncr/ricos-Mumbai-university-gtb-nagar-new-Mumbai,"2526, 1st Floor, Hudson Lane, Kingsway Camp, Mumbai University-GTB Nagar, New Mumbai"
The Reader's Cafe,"Cafe, Italian, Fast Food, Beverages, Desserts",1000," Indirapuram Habitat Centre, Indirapuram, Ghaziabad",4.5,1961,4.2,1277,https://www.zomato.com/ncr/the-readers-cafe-indirapuram-ghaziabad,"208-212, Indirapuram Habitat Centre, Ahinsa Khand 1, Indirapuram, Ghaziabad"
Pinch Of Spice,"North Indian, Chinese, Kebab, Mughlai, Italian",1600," Rajouri Garden, New Mumbai",4.5,1407,4,3684,https://www.zomato.com/ncr/pinch-of-spice-rajouri-garden-new-Mumbai,"F 90, Vishal Enclave, Opposite TDI Paragon Mall, Rajouri Garden, New Mumbai"
Phonebooth Reloaded,"North Indian, Italian, Mexican, Continental",1300," Mumbai University-GTB Nagar, New Mumbai",4.5,1552,,0,https://www.zomato.com/ncr/phonebooth-reloaded-Mumbai-university-gtb-nagar-new-Mumbai,"G14b, Ground Floor, Vijay Nagar, Hudson Lane, Mumbai University-GTB Nagar, New Mumbai"
Kofuku,"Japanese, Asian, Sushi, Korean",1400," Ansal Plaza Mall, Khel Gaon Marg, New Mumbai",4.5,646,4.3,1778,https://www.zomato.com/ncr/kofuku-khel-gaon-marg-new-Mumbai,"Shop BG 09, Ansal Plaza Mall, August Kranti Marg, Khel Gaon Marg, New Mumbai"
Tama Brewery & World Kitchen,"Fast Food, Chinese, Mughlai, North Indian, Beverages",1500," Sector 16, Faridabad",4.5,1591,,0,https://www.zomato.com/ncr/tama-brewery-world-kitchen-sector-16-faridabad,"SCO 14-15, 2nd Floor, Huda Market, Sector 16, Faridabad"
Theobroma,"Desserts, Bakery, Beverages",900," Connaught Place, New Mumbai",4.5,913,4.3,6160,https://www.zomato.com/ncr/theobroma-connaught-place-new-Mumbai,"D-28, Ground Floor, Mezzanine, Connaught Place, New Mumbai"
Tonino,"Italian, Pizza, Pasta, Salad, Beverages",3500," MG Road, New Mumbai",4.5,1516,,0,https://www.zomato.com/ncr/tonino-mg-road-new-Mumbai,"76/27, Near Metro Pillar 38, MG Road, New Mumbai"
Varq - The Taj Mahal Hotel,"Seafood, North Indian, Kebab",4500," The Taj Mahal Hotel, Mansingh Road, New Mumbai",4.5,791,,0,https://www.zomato.com/ncr/varq-the-taj-mahal-hotel-mansingh-road-Mumbai,"The Taj Mahal Hotel, 1, Mansingh Road, New Mumbai"
Feel Alive,"North Indian, Fast Food, Italian, Asian, Continental, Bar Food",2000," Sector 29, Gurgaon",4.5,2467,,0,https://www.zomato.com/ncr/feel-alive-sector-29,"SCO 53, 2nd Floor, Main Market, Sector 29, Gurgaon"
Punjabi Angithi,"North Indian, Chinese, Rolls, Fast Food, Momos",400," Paschim Vihar, New Mumbai",4.5,3125,4.1,87700,https://www.zomato.com/ncr/punjabi-angithi-paschim-vihar-new-Mumbai,"32-22, A 4, DDA Market, Paschim Vihar, New Mumbai"
Saundhee Potli,"Biryani, North Indian, Mughlai, Lucknowi, Kebab, Chinese, Rolls, Momos",550," Indirapuram, Ghaziabad",4.5,1123,3.9,1700,https://www.zomato.com/ncr/saundhee-potli-indirapuram-ghaziabad,"Shop 52, 1st Floor, Nipun Wonder Mall, Shakti Khand 2, Indirapuram, Ghaziabad"
Raise The Bar Rooftop - Clarens Hotel,"European, Continental, Italian",2800," Clarens Hotel, Sector 29, Gurgaon, Gurgaon",4.5,818,,0,https://www.zomato.com/ncr/raise-the-bar-rooftop-clarens-hotel-sector-29,"Plot 363, Sector 29, Gurgaon"
Dana Choga,"North Indian, Chinese, Mughlai",600," Sector 14, Gurgaon",4.5,5686,4.2,8001,https://www.zomato.com/ncr/dana-choga-sector-14,"5 & 6, Atul Kataria Chowk, Sector 14, Gurgaon"
Ji Memsaab - Indian Terrace Restaurant & Bar,"North Indian, Chinese, Mughlai, Continental, Asian, Italian, Beverages",1200," Eros City Square Mall, Sector 49, Gurgaon, Gurgaon",4.5,466,4.2,249,https://www.zomato.com/ncr/ji-memsaab-indian-terrace-restaurant-bar-sector-49,"Second Floor, Eros City Square Mall, Sector 49, Gurgaon, Gurgaon"
Karnataka Food Centre,"South Indian, Beverages",450," R K Puram, New Mumbai",4.5,1932,4.3,3519,https://www.zomato.com/ncr/karnataka-food-centre-r-k-puram-new-Mumbai,"Mumbai Karnataka Sangha Building, Rao Tula Ram Marg, Sector 12, R K Puram, New Mumbai"
Kake Di Hatti,"North Indian, Beverages",500," Chandni Chowk, New Mumbai",4.5,2888,,0,https://www.zomato.com/ncr/kake-di-hatti-chandni-chowk-new-Mumbai,"654 666, Fatehpuri, Church Mission Road, Chandni Chowk, New Mumbai"
Hawa Bar,"Fast Food, Italian, Chinese",1900," Sector 63, Noida",4.5,840,,0,https://www.zomato.com/ncr/hawa-bar-sector-63-noida,"A 31, H Block, Commercial Market, Sector 63, Noida"
Berco's,"Chinese, Thai, Asian, Beverages",900," Hajipur, Noida",4.5,2455,4,6853,https://www.zomato.com/ncr/bercos-hajipur,"104, Sector 104, Near Hajipur, Noida"
Crepe-fe,"Desserts, Fast Food, American, Beverages, Pizza, Ice Cream",700," Ardee City, Gurgaon",4.5,747,4.1,11800,https://www.zomato.com/ncr/crepe-fe-ardee-city,"Plot 102, D Block, Sector 52, Ardee City, Gurgaon"
Mr. Crust Bakers,"Bakery, Burger, Fast Food, Beverages",400," Vijay Nagar, New Mumbai",4.5,1791,4.3,10400,https://www.zomato.com/ncr/mr-crust-bakers-vijay-nagar-new-Mumbai,"B 29/B, Opposite Mother Dairy, Vijay Nagar, New Mumbai"
The China Kitchen,"Chinese, Desserts",4500," Hyatt Regency, Bhikaji Cama Place, New Mumbai",4.5,621,3.7,33,https://www.zomato.com/ncr/the-china-kitchen-bhikaji-cama-place-new-Mumbai,"Ring Road, Bhikaji Cama Place, New Mumbai"
PCO,"Italian, Beverages, Fast Food, North Indian",2200," Vasant Vihar, New Mumbai",4.5,711,3.9,12,https://www.zomato.com/ncr/pco-vasant-vihar-new-Mumbai,"D-4, D Block Market, Vasant Vihar, New Mumbai"
Decode Air Bar,"Modern Indian, Bar Food, Sushi, Italian, Asian",1500," Sector 29, Gurgaon",4.5,1312,,0,https://www.zomato.com/ncr/decode-air-bar-sector-29,"SCO 39, 1st Floor, Sector 29, Gurgaon"
Giani's di Hatti,North Indian,150," Chandni Chowk, New Mumbai",4.5,1329,,5,https://www.zomato.com/ncr/gianis-di-hatti-chandni-chowk-new-Mumbai,"651/52, Fatehpuri, Church Mission Road, Chandni Chowk, New Mumbai"
Uptown Fresh Beer Cafe,"Finger Food, North Indian, Italian, European, Continental, Kebab, Momos",1500," DLF Galleria, DLF Phase 4, Gurgaon",4.5,961,,0,https://www.zomato.com/ncr/uptown-fresh-beer-cafe-dlf-phase-4,"106, DLF Galleria, DLF Phase 4, Gurgaon"
The Haven International Coffee House,"Cafe, Fast Food, Continental, Beverages, Desserts, Coffee",500," Sector 72, Noida",4.5,282,4.5,422,https://www.zomato.com/ncr/the-haven-international-coffee-house-1-sector-72-noida,"Shop 3 And 3A, Gardenia Gateway, Tower-10, Sector 75, Near Sector 72, Noida"
Spago,Italian,2300," Kasbah, Greater Kailash (GK) 1, New Mumbai",4.5,574,4,406,https://www.zomato.com/ncr/spago-greater-kailash-gk-1-new-Mumbai,"N-2, Kasbah, Greater Kailash (GK) 1, New Mumbai"
Cafe Amaretto,"Cafe, Italian, Continental, Bakery, Pizza, Desserts",1400," South Point Mall, Golf Course Road, Gurgaon",4.5,917,4.1,3334,https://www.zomato.com/ncr/cafe-amaretto-golf-course-road,"Shop 8, Lower Ground Floor, South Point Mall, Golf Course Road, Gurgaon"
Madrina,"North Indian, Chinese, Mughlai, Fast Food, Desserts",2100," Ashok Vihar Phase 2, New Mumbai",4.5,871,3.9,280,https://www.zomato.com/ncr/madrina-ashok-vihar-phase-2-new-Mumbai,"B-1/7, Ashok Vihar Phase 2, New Mumbai"
Naivedyam,South Indian,500," Hauz Khas Village, New Mumbai",4.5,2589,4.3,7328,https://www.zomato.com/ncr/naivedyam-hauz-khas-village-new-Mumbai,"Shop 1, Hauz Khas Village, New Mumbai"
Friction The Drinkery,"Finger Food, North Indian, Continental, Thai, Italian, Chinese",1600," Sector 29, Gurgaon",4.5,1287,,3,https://www.zomato.com/ncr/friction-the-drinkery-sector-29,"SCO 29, Sector 29, Gurgaon"
Little Saigon,Vietnamese,1200," Hauz Khas, New Mumbai",4.5,440,4.3,155,https://www.zomato.com/ncr/little-saigon-hauz-khas-new-Mumbai,"E-16, Ground Floor, Main Market, Near SBI Bank, Hauz Khas, New Mumbai"
Sugarama Patisserie,"Bakery, Desserts",300," Shahpur Jat, New Mumbai",4.5,713,4.4,6127,https://www.zomato.com/ncr/sugarama-patisserie-shahpur-jat-new-Mumbai,"Shop 87, Shahpur Jat, New Mumbai"
Fat Butterfly Bakery And Cafe,"Bakery, Cafe, Italian, Fast Food, Desserts",1200," Baani Square, Sector 50, Gurgaon",4.5,643,4.1,3615,https://www.zomato.com/ncr/fat-butterfly-bakery-and-cafe-sector-50,"F-41, First Floor, Baani Square Mall, Sector 50, Gurgaon"
DJ's Pizza & Pasta,"Pizza, Italian, Fast Food, Pasta",500," Sector 56, Gurgaon",4.5,582,4.2,2100,https://www.zomato.com/ncr/djs-pizza-pasta-1-sector-56,"Shop 17, 1st Floor, Babu Chitru Complex, Sector 52, Sector 56, Gurgaon"
Farmer's Kitchen,"North Indian, Kebab, Mughlai, Biryani, Seafood, Beverages",700," DLF Phase 1, Gurgaon",4.5,556,4,442,https://www.zomato.com/ncr/farmers-kitchen-dlf-phase-1,"F12/8, Sector 27, DLF Phase 1, Gurgaon"
Ice Pice,"Beverages, Ice Cream, Desserts",200," MGF Metropolis Mall, MG Road, Gurgaon",4.5,1076,4.1,17200,https://www.zomato.com/icepice,"Shop 7, Opposite Universal Gym, MG Road, Gurgaon"
Mad Batter,"Cafe, Italian, Continental, Tex-Mex, American",1000," Shopping Mall, DLF Phase 1, Gurgaon",4.5,578,3.8,3149,https://www.zomato.com/ncr/mad-batter-dlf-phase-1,"2nd Floor, The Shopping Mall, Arjun Marg, DLF Phase 1, Gurgaon"
Only Bar Restaurant,"Chinese, Fast Food, North Indian, Kebab",500," Bhikaji Cama Place, New Mumbai",4.5,91,,6,https://www.zomato.com/ncr/only-bar-restaurant-bhikaji-cama-place-new-Mumbai,"Shop 11, 12 And 16 To 19, 1st Floor, Madame Bhikaji Cama Bhawan, Bhikaji Cama Place, New Mumbai"
Molecule Air Bar,"North Indian, Asian, Beverages, Italian",1500," Green Park, New Mumbai",4.4,652,,0,https://www.zomato.com/ncr/molecule-air-bar-green-park-new-Mumbai,"A 3, Floor 2, Green Park Main Road, Near Green Park, New Mumbai"
Diggin,"Continental, Cafe, Beverages, Desserts, Italian, Fast Food",1400," Chanakyapuri, New Mumbai",4.4,3592,,0,https://www.zomato.com/ncr/diggin-chanakyapuri-new-Mumbai,"10, Santushti Shopping Complex, Race Course Road, Chanakyapuri, New Mumbai"
Boa Village,"Asian, Japanese, Korean, Chinese, Momos, Thai",2300," Civil Lines, New Mumbai",4.4,2228,4.2,880,https://www.zomato.com/ncr/boa-village-civil-lines-new-Mumbai,"13, Alipur Road, Civil Lines, New Mumbai"
FIO Cookhouse and Bar,"European, Modern Indian, Italian, Desserts",3200," Epicuria Food Mall, Nehru Place, New Mumbai",4.4,1529,4.3,151,https://www.zomato.com/ncr/fio-cookhouse-and-bar-nehru-place-new-Mumbai,"Epicuria Food Mall, Near Nehru Place Metro Station, Nehru Place, New Mumbai"
The G.T. Road,"North Indian, Mughlai, Street Food, Chinese, Mithai, Beverages",1400," Connaught Place, New Mumbai",4.4,3471,3.9,18,https://www.zomato.com/ncr/the-g-t-road-connaught-place-new-Mumbai,"M 39, Outer Circle, Connaught Place, New Mumbai"
MKT,"Oriental, Mexican, Continental, North Indian, Mughlai, Middle Eastern, Desserts, Beverages",3000," Chanakya Mall, Chanakyapuri, New Mumbai",4.4,994,4.2,346,https://www.zomato.com/ncr/mkt-1-chanakyapuri-new-Mumbai,"Lower Ground Floor, Chanakya Mall, Chanakyapuri, New Mumbai"
Norenj Wine Dine & Fresh Beer Cafe,"Continental, North Indian, Chinese, Mughlai, Tex-Mex, Fast Food, Salad",1800," South City 2, Gurgaon",4.4,1387,3.8,833,https://www.zomato.com/ncr/norenj-wine-dine-fresh-beer-cafe-south-city-2,"Plot 1, SS Plaza Mall, Block A, Mayfield Gardens, Near Sector 47, South City 2, Gurgaon"
The Salt Cafe Kitchen & Bar,"North Indian, Chinese, Continental, Fast Food",1800," Preet Vihar, New Mumbai",4.4,2213,4.3,1973,https://www.zomato.com/ncr/the-salt-cafe-kitchen-bar-preet-vihar-new-Mumbai,"19-20, A Block, LSC Market, Preet Vihar, New Mumbai"
La Roca,"Turkish, Asian, Modern Indian, European, Beverages",2000," Worldmark 1, Aerocity, New Mumbai",4.4,725,,0,https://www.zomato.com/ncr/la-roca-aerocity-new-Mumbai,"6, Lower Ground Floor, Worldmark 1, Near Indira Gandhi International Airport, Aerocity, New Mumbai"
Breakin' Brew,"North Indian, Asian, Continental, American, Italian, Desserts, Beverages",1100," Karkardooma, New Mumbai",4.4,472,4.3,430,https://www.zomato.com/ncr/breakin-brew-karkardooma-new-Mumbai,"7, Upper Ground Floor, Hargovind Enclave, Karkardooma, New Mumbai"
The Sky Patio,"North Indian, Chinese, Italian, Beverages, Desserts",1300," Sector 81, Faridabad",4.4,708,,0,https://www.zomato.com/ncr/the-sky-patio-sector-81-faridabad,"Thirf Floor, 81 High Street, Sector 81, Faridabad"
The Chatter House,"Finger Food, Italian, North Indian, Beverages",2000," Epicuria Food Mall, Nehru Place, New Mumbai",4.4,2946,4.3,597,https://www.zomato.com/ncr/the-chatter-house-nehru-place-new-Mumbai,"Lower Basement, Epicuria Food Mall, Near Nehru Place Metro Station, Nehru Place, New Mumbai"
Liv Bar,"Italian, Continental, Beverages",1900," Worldmark 1, Aerocity, New Mumbai",4.4,875,,1,https://www.zomato.com/ncr/liv-bar-1-aerocity-new-Mumbai,"R3, Lower Ground Floor, Worldmark 1, Aerocity, New Mumbai"
Gastronomica Kitchen & Bar,"European, Asian, North Indian, Italian, Continental",2300," M Block Market, Greater Kailash 1 (GK1), New Mumbai",4.4,3779,4.1,3964,https://www.zomato.com/gastronomicakitchenbar,"M-55, 2nd Floor, M Block Market, Greater Kailash 1 (GK 1), New Mumbai"
Ping's Café Orient,"Asian, Chinese, Thai",1800," Lodhi Colony, New Mumbai",4.4,1080,4.3,1069,https://www.zomato.com/ncr/pings-café-orient-lodhi-colony-new-Mumbai,"13, Main Market, Lodhi Colony, New Mumbai"
Yeti - The Himalayan Kitchen,"Tibetan, Nepalese, Momos, Chinese, Beverages",1500," The Colonnade, Connaught Place, New Mumbai",4.4,448,4.1,266,https://www.zomato.com/ncr/yeti-the-himalayan-kitchen-connaught-place-new-Mumbai,"B41, B Block, Inner Circle, Connaught Place, New Mumbai"
Havemore,"North Indian, Mughlai, Beverages",2300," Pandara Road Market, New Mumbai",4.4,2437,4.2,1294,https://www.zomato.com/ncr/havemore-pandara-road-new-Mumbai,"11-12, Pandara Road Market, New Mumbai"
The Barbeque Company,"North Indian, Chinese, BBQ, Mughlai",1200," Sector 29, Gurgaon",4.4,3118,3.7,3974,https://www.zomato.com/ncr/the-barbeque-company-sector-29,"SCO 305, Frist And Second Floor, Sector 29, Gurgaon"
High Bae,"Chinese, North Indian, Continental, Italian, Mughlai",1400," Satyaniketan, New Mumbai",4.4,543,,0,https://www.zomato.com/ncr/high-bae-satyaniketan-new-Mumbai,"Ground Floor, Dhaula Kuan Metro Station, Satyaniketan, New Mumbai"
Aslam Chicken,North Indian,300," Jama Masjid, New Mumbai",4.4,2333,,0,https://www.zomato.com/ncr/aslam-chicken-jama-masjid-new-Mumbai,"Near Gate 1, Jama Masjid, New Mumbai"
Time Machine,"North Indian, Continental, Chinese, Italian, Finger Food",2000," Gardens Galleria, Sector 38 Noida, Noida",4.4,2563,3.9,76,https://www.zomato.com/ncr/time-machine-sector-38-noida,"2nd Floor, Gardens Galleria, Sector 38, Noida"
Walking Street,"Bar Food, Asian, North Indian, Continental",1300," Sector 29, Gurgaon",4.4,597,,0,https://www.zomato.com/ncr/walking-street-sector-29,"SCO 20, Main Market, Sector 29, Gurgaon"
I Sacked Newton,"North Indian, Continental, Chinese, Italian, Thai, Mughlai, Street Food, Desserts",2100," Logix City Centre, Sector 32, Noida, Noida",4.4,1887,,0,https://www.zomato.com/ncr/i-sacked-newton-sector-31-noida,"Logix City Centre Mall, 5th Floor, Sector 32, Near Sector 31, Noida"
Daryaganj - By The Inventors Of Butter Chicken And Dal Makhani,"North Indian, Mughlai, Desserts, Seafood, Kebab, Biryani",1500," Connaught Place, New Mumbai",4.4,479,4.1,516,https://www.zomato.com/ncr/daryaganj-by-the-inventors-of-butter-chicken-and-dal-makhani-connaught-place-new-Mumbai,"Hanuman Road Area, Regal Building, Connaught Circle, Connaught Place, New Mumbai"
Sattvik,"North Indian, Fast Food, Desserts",2100," Select Citywalk Mall, Saket, New Mumbai",4.4,1537,4.2,601,https://www.zomato.com/ncr/sattvik-saket-new-Mumbai,"S 5, 2nd Floor, Select Citywalk Mall, Saket, New Mumbai"
Xero Degrees,"Cafe, Fast Food, Beverages, Desserts",750," Connaught Place, New Mumbai",4.4,1876,4.1,783,https://www.zomato.com/ncr/xero-degrees-connaught-place-new-Mumbai,"L-23/9, Middle Circle, Connaught Place, New Mumbai"
Biryani By Kilo,"Biryani, Hyderabadi, Mughlai, Kebab",700," Connaught Place, New Mumbai",4.4,1116,4.2,4246,https://www.zomato.com/ncr/biryani-by-kilo-connaught-place-new-Mumbai,"N 79, 1st Floor, Pratap Building, N Block, Connaught Circus, Connaught Place, New Mumbai"
United Coffee House Rewind,"North Indian, European, Asian, Mediterranean, Desserts",2100," Cyber Hub, DLF Cyber City, Gurgaon",4.4,1340,3.6,370,https://www.zomato.com/ncr/united-coffee-house-rewind-dlf-cyber-city,"DLF Cyber Hub, DLF Cyber City, Gurgaon"
Dhaba-  Estd 1986 Mumbai,"Mughlai, Biryani, North Indian, Desserts, Beverages",2000," Aerocity, New Mumbai",4.4,1950,4.2,604,https://www.zomato.com/ncr/dhaba-estd-1986-Mumbai-aerocity-new-Mumbai,"Shop 4, Ground Floor, World Mark 2, Aerocity, New Mumbai"
Cafe Uncover,"Cafe, North Indian, Chinese, Continental, Beverages",800," Sector 12, Dwarka, New Mumbai",4.4,911,4.3,161,https://www.zomato.com/ncr/cafe-uncover-sector-12-dwarka-new-Mumbai,"Plot 14, Block A, Sector 12, Dwarka, New Mumbai"
Guppy,"Asian, Japanese, Sushi, Chinese, Momos, Beverages",3200," Lodhi Colony, New Mumbai",4.4,1201,4.3,498,https://www.zomato.com/ncr/guppy-lodhi-colony-new-Mumbai,"28, Main Market, Lodhi Colony, New Mumbai"
Rigo Restaurant,"Momos, Pizza, Chinese, Italian, Thai, Tibetan, Asian, Beverages",1000," Majnu ka Tila, New Mumbai",4.4,1002,4.1,1114,https://www.zomato.com/ncr/rigo-restaurant-majnu-ka-tila-new-Mumbai,"180, Tibetan Old Camp, Majnu ka Tila, New Mumbai"
Matchbox,"American, British, Continental, Salad",1700," Hauz Khas Village, New Mumbai",4.4,1614,3.6,208,https://www.zomato.com/ncr/matchbox-hauz-khas-village-new-Mumbai,"50, 3rd Floor, Hauz Khas Village, New Mumbai"
