order_id,order_date
ORD001,01-01-2024 09:00
ORD002,04-01-2024 09:00
ORD003,07-01-2024 09:00
ORD004,10-01-2024 09:00
ORD005,13-01-2024 09:00
ORD006,16-01-2024 09:00
ORD007,19-01-2024 09:00
ORD008,22-01-2024 09:00
ORD009,25-01-2024 09:00
ORD010,28-01-2024 09:00
ORD011,31-01-2024 09:00
ORD012,03-02-2024 09:00
ORD013,06-02-2024 09:00
ORD014,09-02-2024 09:00
ORD015,12-02-2024 09:00
ORD016,15-02-2024 09:00
ORD017,18-02-2024 09:00
ORD018,21-02-2024 09:00
ORD019,24-02-2024 09:00
ORD020,27-02-2024 09:00
ORD021,01-03-2024 09:00
ORD022,04-03-2024 09:00
ORD023,07-03-2024 09:00
ORD024,10-03-2024 09:00
ORD025,13-03-2024 09:00
ORD026,16-03-2024 09:00
ORD027,19-03-2024 09:00
ORD028,22-03-2024 09:00
ORD029,25-03-2024 09:00
ORD030,28-03-2024 09:00
ORD031,31-03-2024 09:00
ORD032,03-04-2024 09:00
ORD033,06-04-2024 09:00
ORD034,09-04-2024 09:00
ORD035,12-04-2024 09:00
ORD036,15-04-2024 09:00
ORD037,18-04-2024 09:00
ORD038,21-04-2024 09:00
ORD039,24-04-2024 09:00
ORD040,27-04-2024 09:00
ORD041,30-04-2024 09:00
ORD042,03-05-2024 09:00
ORD043,06-05-2024 09:00
ORD044,09-05-2024 09:00
ORD045,12-05-2024 09:00
ORD046,15-05-2024 09:00
ORD047,18-05-2024 09:00
ORD048,21-05-2024 09:00
ORD049,24-05-2024 09:00
ORD050,27-05-2024 09:00
ORD051,30-05-2024 09:00
ORD052,02-06-2024 09:00
ORD053,05-06-2024 09:00
ORD054,08-06-2024 09:00
ORD055,11-06-2024 09:00
ORD056,14-06-2024 09:00
ORD057,17-06-2024 09:00
ORD058,20-06-2024 09:00
ORD059,23-06-2024 09:00
ORD060,26-06-2024 09:00
ORD061,29-06-2024 09:00
ORD062,02-07-2024 09:00
ORD063,05-07-2024 09:00
ORD064,08-07-2024 09:00
ORD065,11-07-2024 09:00
ORD066,14-07-2024 09:00
ORD067,17-07-2024 09:00
ORD068,20-07-2024 09:00
ORD069,23-07-2024 09:00
ORD070,26-07-2024 09:00
ORD071,29-07-2024 09:00
ORD072,01-08-2024 09:00
ORD073,04-08-2024 09:00
ORD074,07-08-2024 09:00
ORD075,10-08-2024 09:00
ORD076,13-08-2024 09:00
ORD077,16-08-2024 09:00
ORD078,19-08-2024 09:00
ORD079,22-08-2024 09:00
ORD080,25-08-2024 09:00
ORD081,28-08-2024 09:00
ORD082,31-08-2024 09:00
ORD083,03-09-2024 09:00
ORD084,06-09-2024 09:00
ORD085,09-09-2024 09:00
ORD086,12-09-2024 09:00
ORD087,15-09-2024 09:00
ORD088,18-09-2024 09:00
ORD089,21-09-2024 09:00
ORD090,24-09-2024 09:00
ORD091,27-09-2024 09:00
ORD092,30-09-2024 09:00
ORD093,03-10-2024 09:00
ORD094,06-10-2024 09:00
ORD095,09-10-2024 09:00
ORD096,12-10-2024 09:00
ORD097,15-10-2024 09:00
ORD098,18-10-2024 09:00
ORD099,21-10-2024 09:00
ORD100,24-10-2024 09:00
