Restaurant_Name,Category,Pricing_for_2,Locality,Dining_Rating,Dining_Review_Count,Delivery_Rating,Delivery_Rating_Count,Website,Address
Rustom's,"Parsi, Street Food, North Indian, Desserts, Beverages",2100," ITO, New Delhi",4.9,1885,4.4,1844,https://www.zomato.com/ncr/rustoms-ito-new-delhi,"Delhi Parsi Anjuman, LNJP Colony, Bahadur Shah Zafar Road, Near Maulana Azad Medical College Campus, ITO, New Delhi"
Cafe Lota,"Cafe, South Indian, North Indian, Beverages",1200," Pragati Maidan, New Delhi",4.9,3748,3.9,37,https://www.zomato.com/ncr/cafe-lota-pragati-maidan-new-delhi,"National Crafts Museum, Gate 2, Bhairon Marg, Pragati Maidan, New Delhi"
Dum-Pukht - ITC Maurya,"Mughlai, North Indian, Desserts",5000," ITC Maurya, Chanakyapuri, New Delhi",4.9,1371,,0,https://www.zomato.com/ncr/dum-pukht-itc-maurya-chanakyapuri-new-delhi,"ITC Maurya, Chanakyapuri, New Delhi"
Burma Burma,"Asian, Burmese, Bubble Tea, Desserts, Salad",1600," Cyber Hub, DLF Cyber City, Gurgaon",4.9,2636,4.4,1238,https://www.zomato.com/ncr/burma-burma-dlf-cyber-city,"Shop 6, Ground Floor, Building 8, Tower C, Cyber Hub, DLF Cyber City, Gurgaon"
The Big Chill,"Continental, American, Italian",1500," Khan Market, New Delhi",4.9,6487,,0,https://www.zomato.com/ncr/the-big-chill-khan-market-new-delhi,"68-A, Khan Market, New Delhi"
Carnatic Cafe,South Indian,600," Lodhi Colony, New Delhi",4.9,2518,4.2,931,https://www.zomato.com/ncr/carnatic-cafe-lodhi-colony-new-delhi,"84-85, Meharchand Market, Lodhi Road, Near Lodhi Colony, New Delhi"
"Cocktails & Dreams, Speakeasy","Nepalese, Tibetan, Beverages",2500," Sector 15, Gurgaon",4.9,1299,3.8,25,https://www.zomato.com/ncr/cocktails-dreams-speakeasy-sector-15,"SCO 23, Sector 15, Gurgaon"
Natural Ice Cream,"Ice Cream, Desserts",400," Connaught Place, New Delhi",4.9,4014,4.5,6969,https://www.zomato.com/NaturalsCP,"L-8, L Block, Outer Circle, Connaught Place, New Delhi"
Kuremal Mohan Lal Kulfi Wale,"Ice Cream, Desserts",200," Chawri Bazar, New Delhi",4.9,1120,,5,https://www.zomato.com/ncr/kuremal-mohan-lal-kulfi-wale-chawri-bazar-new-delhi,"526, Kucha Pati Ram, Bazar Sita Ram, Near Chawri Bazar Metro Station, Chawri Bazar, New Delhi"
Juggernaut,"South Indian, North Indian, Fast Food, Desserts, Beverages",700," Kailash Colony, New Delhi",4.8,2480,4.2,573,https://www.zomato.com/ncr/juggernaut-kailash-colony-new-delhi,"HS-16, Main Market, Kailash Colony, New Delhi"
Comorin,"North Indian, Desserts, Beverages",2500," Two Horizon Center, Golf Course Road, Gurgaon",4.8,803,4.4,217,https://www.zomato.com/ncr/comorin-golf-course-road,"101, 1st Floor, Plaza Level, Two Horizon Center, Golf Course Road, Gurgaon"
Viet:Nom,"Vietnamese, Beverages",2000," Cyber Hub, DLF Cyber City, Gurgaon",4.8,1381,4,75,https://www.zomato.com/ncr/vietnom-dlf-cyber-city,"17-18, DLF Phase 2, DLF Cyber Hub, Near DLF Cyber City, Gurgaon"
Cafeteria & Co.,"Cafe, Continental, Italian, Fast Food, Oriental, Beverages",1300," Vijay Nagar, New Delhi",4.8,5228,4.1,2037,https://www.zomato.com/ncr/cafeteria-co-vijay-nagar-new-delhi,"G 14, Hudson Lane, Vijay Nagar, New Delhi"
Sana-Di-Ge,"Mangalorean, Seafood, Goan, South Indian, North Indian, Kerala",2200," Chanakyapuri, New Delhi",4.8,2038,4.3,172,https://www.zomato.com/ncr/sana-di-ge-chanakyapuri-new-delhi,"22/48, Ground Floor, First Floor And Second Floor, Commercial Complex, Malcha Marg, Chanakayapuri, New Delhi"
Pa Pa Ya,"Asian, Chinese, Thai, Japanese, Sushi, Malaysian, Momos, Beverages",2500," Select Citywalk Mall, Saket, New Delhi",4.8,4077,4.3,125,https://www.zomato.com/ncr/pa-pa-ya-saket-new-delhi,"A-3, Select Citywalk, District Centre, Saket, New Delhi"
Yum Yum Cha,"Asian, Japanese, Sushi, Desserts, Beverages, Rolls",1800," Cyber Hub, DLF Cyber City, Gurgaon",4.8,1742,4.2,643,https://www.zomato.com/ncr/yum-yum-cha-dlf-cyber-city,"2E, Ground Floor, Tower-A, Building 10, DLF Cyber City, Gurgaon"
Coast Cafe,"Continental, Kerala",1400," Hauz Khas Village, New Delhi",4.8,1472,4.3,2115,https://www.zomato.com/ncr/coast-cafe-hauz-khas-village-new-delhi,"H-2, 2nd & 3rd Floor, Hauz Khas Village, New Delhi"
PizzaExpress,"Fast Food, Italian, Beverages, Desserts",1000," Ambience Mall, DLF Phase 3, Gurgaon",4.8,3077,4.3,1831,https://www.zomato.com/ncr/pizzaexpress-dlf-phase-3,"T-317, 3rd Floor, Ambience Mall, DLF Phase 3, Gurgaon"
The Big Chill Cakery,"Bakery, Desserts",400," DLF Mall of India, Sector 18,  Noida, Noida",4.8,884,,0,https://www.zomato.com/ncr/the-big-chill-cakery-sector-18-noida,"Ground Floor, DLF Mall Of India, Sector 18, Noida"
Music & Mountains - Hillside Cafe,"Cafe, Italian, Continental, Fast Food, Salad, Beverages",2100," M Block Market, Greater Kailash 1 (GK1), New Delhi",4.7,3731,4.3,348,https://www.zomato.com/ncr/music-mountains-hillside-cafe-greater-kailash-gk-1-new-delhi,"M-23, M Block Market, Greater Kailash (GK) 1, New Delhi"
Gulati,"North Indian, Biryani, Hyderabadi, Mughlai, Kebab",2500," Pandara Road Market, New Delhi",4.7,6509,4.3,10500,https://www.zomato.com/ncr/gulati-pandara-road-new-delhi,"6, Pandara Road Market, New Delhi"
Olive Bar & Kitchen,"Italian, Pizza, Mediterranean, Continental, European, Beverages, Desserts",4000," Mehrauli, New Delhi",4.7,2734,3.2,21,https://www.zomato.com/ncr/olive-bar-kitchen-mehrauli-new-delhi,"6-8, Kalka Das Marg, Mehrauli, New Delhi"
The Grammar Room,"Continental, Desserts, Beverages",1200," Mehrauli, New Delhi",4.7,1068,3.9,20,https://www.zomato.com/ncr/the-grammar-room-mehrauli-new-delhi,"6-8, Kalka Das Marg, Mehrauli, New Delhi"
Chaina Ram Sindhi Confectioners,"Mithai, Street Food",350," Chandni Chowk, New Delhi",4.7,1155,,0,https://www.zomato.com/ncr/chaina-ram-sindhi-confectioners-chandni-chowk-delhi,"6499, Fathepuri Chowk, Chandni Chowk, New Delhi"
Sevilla - The Claridges,"Spanish, Italian, Desserts",4500," The Claridges, Aurangzeb Road, New Delhi",4.7,1630,,0,https://www.zomato.com/ncr/sevilla-the-claridges-dr-apj-abdul-kalam-road,"The Claridges, 12, Dr. A.P.J. Abdul Kalam Road, Dr APJ Abdul Kalam Road, Delhi NCR"
Bo Tai,"Thai, Japanese, Asian, Beverages",2500," Mehrauli, New Delhi",4.7,1194,3.9,46,https://www.zomato.com/ncr/bo-tai-1-mehrauli-new-delhi,"6/4, Kalka Das Marg, Near Qutub Minar, Mehrauli, New Delhi"
Cafe Wink,"Cafe, Continental, Italian",800," Anand Vihar, New Delhi",4.7,3291,4.3,6149,https://www.zomato.com/ncr/cafe-wink-anand-vihar-new-delhi,"G-1, Plot 9, Sikka Galaxy, Shreshtha Vihar, Anand Vihar, New Delhi"
Spezia Bistro,"Pizza, Chinese, Momos, Fast Food, Italian, Beverages, Continental",900," Delhi University-GTB Nagar, New Delhi",4.7,3829,,0,https://www.zomato.com/ncr/spezia-bistro-delhi-university-gtb-nagar-new-delhi,"2525, 1st Floor, Hudson Lane, Delhi University-GTB Nagar, New Delhi"
Evoo - Eatery And Pizzeria,"Cafe, Italian, Desserts, Beverages",1500," Geetanjali Enclave, New Delhi",4.7,782,,0,https://www.zomato.com/ncr/evoo-eatery-and-pizzeria-geetanjali-enclave-new-delhi,"B-2, Ground Floor, Shivalik, Geetanjali Pancheel Road, Near Sri Aurobindo College, Geetanjali Enclave, New Delhi"
Oh! Calcutta,"Bengali, Desserts",1500," Greater Kailash 2 (GK2), New Delhi",4.7,2337,4.4,2669,https://www.zomato.com/ncr/oh-calcutta-greater-kailash-gk-2-new-delhi,"Plot 4, Local Shopping Centre, Masjid Moth, Greater Kailash 2 (GK 2), New Delhi"
Greenr Cafe,"Cafe, Italian, Mexican, Salad, Healthy Food, Desserts, Mediterranean",1200,"  32nd Avenue, NH8, Gurgaon, Gurgaon",4.7,954,4.3,619,https://www.zomato.com/ncr/greenr-cafe-sector-15,"EL-01, 1st Floor, 32nd Milestone, NH 8, Part 2, Sector 15, Gurgaon"
Downtown - Diners & Living Beer Cafe,"Bar Food, North Indian, Fast Food, Italian, Chinese, Beverages",2200," Sector 29, Gurgaon",4.7,5344,,0,https://www.zomato.com/ncr/downtown-diners-living-beer-cafe-sector-29,"SCO 34, Main Market, Sector 29, Gurgaon"
Chili's Grill & Bar,"Mexican, Italian, American, Tex-Mex, Beverages, Desserts",1200," Pacific Mall, Tagore Garden, New Delhi",4.7,3956,4.3,3545,https://www.zomato.com/ncr/chilis-grill-bar-tagore-garden-new-delhi,"S 8 & 9, 2nd Floor, Pacific Mall, Tagore Garden, New Delhi"
Theos,"Cafe, Desserts, Salad",1500," Sector 41, Noida",4.7,2696,4.3,3613,https://www.zomato.com/ncr/theos-sector-41-noida,"Near HP Petrol Pump, Dynamic House, Main Dadri Road, Sector 41, Noida"
Kuuraku,"Japanese, Sushi",1700," Global Foyer Mall, Golf Course Road, Gurgaon",4.7,1169,4.2,188,https://www.zomato.com/ncr/kuuraku-golf-course-road,"Ground Floor, Global Foyer Mall, Golf Course Road, Gurgaon"
Threesixtyone Degrees - The Oberoi,"Asian, Continental, North Indian, Mughlai, Desserts, Beverages",5500," The Oberoi, Udyog Vihar, Gurgaon",4.7,1019,,1,https://www.zomato.com/ncr/threesixtyone-degrees-the-oberoi-udyog-vihar,"443, Phase 5, Udyog Vihar, Gurgaon"
Jom Jom Malay,"Asian, Malaysian, Thai, Chinese, Salad, Momos",1800," Saket, New Delhi",4.7,935,4.1,427,https://www.zomato.com/ncr/jom-jom-malay-saket-new-delhi,"S12-A, 2nd Floor, Select City Walk, Saket, New Delhi"
Andrea's Eatery,"Asian, Italian, Beverages, Continental, Fast Food, Desserts",2000," Select Citywalk Mall, Saket, New Delhi",4.7,1380,4.1,1527,https://www.zomato.com/ncr/andreas-eatery-saket-new-delhi,"Shop 48A-51, 1st Floor, Select Citywalk Mall, Saket, New Delhi"
The Ivy,"Mediterranean, Lebanese, Continental, Desserts",1300," Baani Square, Sector 50, Gurgaon",4.7,1249,4.2,5757,https://www.zomato.com/theivy,"89/90, Ground Floor, Baani Square, Sector 50, Gurgaon"
The Saffron Boutique,"North Indian, Mughlai, Chinese",1600," Hajipur, Noida",4.7,1714,4.1,5163,https://www.zomato.com/ncr/the-saffron-boutique-hajipur,"26 And 27, Ashirwaad Complex, Sector 104, Near Hajipur, Noida"
Master Koii's,"Asian, Chinese, Thai, Malaysian, Korean",1900," Sushant Lok, Gurgaon",4.7,833,4.3,3351,https://www.zomato.com/ncr/master-koiis-sushant-lok,"Shop 19, Flavor Town, Bestech Chambers, Sushant Lok, Gurgaon"
Kunzum Travel Cafe,Cafe,500," Hauz Khas Village, New Delhi",4.7,642,,0,https://www.zomato.com/ncr/kunzum-travel-cafe-hauz-khas-village-new-delhi,"T-49, First Floor, Hauz Khas Village, New Delhi"
Echoes Living Room,"Cafe, Continental, Chinese, Fast Food, Desserts, Beverages",800," Subhash Nagar, New Delhi",4.7,3,3.9,1,https://www.zomato.com/ncr/echoes-living-room-subhash-nagar-new-delhi,"Subhash Nagar, New Delhi"
AMA Cafe,"Cafe, Continental, Desserts, Beverages",550," Majnu ka Tila, New Delhi",4.6,5229,4.3,1684,https://www.zomato.com/ncr/ama-cafe-majnu-ka-tila-new-delhi,"House 6, New Colony, Majnu ka Tilla, New Delhi"
Bukhara - ITC Maurya,"North Indian, Kebab",6500," ITC Maurya, Chanakyapuri, New Delhi",4.6,4657,,0,https://www.zomato.com/ncr/bukhara-itc-maurya-chanakyapuri-new-delhi,"ITC Maurya, Chanakyapuri, New Delhi"
Leo's,"Pizza, Italian, Beverages",1700," Vasant Vihar, New Delhi",4.6,1179,,0,https://www.zomato.com/ncr/leos-vasant-vihar-new-delhi,"28, Basant Lok Market, Vasant Vihar, New Delhi"
Pirates of Grill,"North Indian, Mughlai",1500," Ambience Mall, Vasant Kunj, New Delhi",4.6,952,3.9,27,https://www.zomato.com/ncr/pirates-of-grill-vasant-kunj-new-delhi,"T 312 & 313, 3rd Floor, Ambience Mall, Vasant Kunj, New Delhi"
Roadhouse Cafe,"Cafe, Pizza, Italian, Wraps, Asian, Chinese, Thai, Beverages",900," Greater Kailash 1 (GK1), New Delhi",4.6,1162,4.2,1486,https://www.zomato.com/ncr/roadhouse-cafe-greater-kailash-gk-1-new-delhi,"M 22, Second Floor, Main Market, Greater Kailash 1 (GK 1), New Delhi"
Plum By Bent Chair,"Chinese, Japanese, Thai, Asian, Beverages",2200," Aerocity, New Delhi",4.6,2402,,1,https://www.zomato.com/ncr/plum-by-bent-chair-aerocity-new-delhi,"Ground Floor, Worldmark 2, Aerocity, New Delhi"
Kiyan - The Roseate,"Thai, European, North Indian, Pizza, Salad",5500," The Roseate, Kapashera, New Delhi",4.6,1124,,2,https://www.zomato.com/ncr/kiyan-the-roseate-kapashera-new-delhi,"The Roseate, 21st Milestone, Samalkha, NH 8, Kapashera, New Delhi"
Dragonfly Experience,"Modern Indian, North Indian, Beverages, European, Asian, Desserts",3000," Worldmark 1, Aerocity, New Delhi",4.6,1021,,0,https://www.zomato.com/ncr/dragonfly-experience-aerocity-new-delhi,"Worldmark 1, Aerocity, New Delhi"
AB's - Absolute Barbecues,"North Indian, Continental, Desserts, Salad",1100," MGF Metropolis Mall, MG Road, Gurgaon",4.6,8002,3.7,53,https://www.zomato.com/ncr/abs-absolute-barbecues-mg-road,"Shop LG-01-02-03, Lower Ground Floor, Metropolis Mall, Sector 28, Near MG Road Metro Station, MG Road, Gurgaon, Gurgaon"
Qureshi Kabab Corner,"Mughlai, Kebab",400," Jama Masjid, New Delhi",4.6,1453,,0,https://www.zomato.com/ncr/qureshi-kabab-corner-jama-masjid-new-delhi,"Opposite Gate 1, Jama Masjid, New Delhi"
Clock Tower,"North Indian, Asian, Beverages, Fast Food",2500," Golf Course Road, Gurgaon",4.6,1300,,9,https://www.zomato.com/ncr/clock-tower-golf-course-road,"Near Rapid Metro Pillar 141, Golf Course Road, Gurgaon"
Saravana Bhavan,"South Indian, Beverages",600," Connaught Place, New Delhi",4.6,8305,,10,https://www.zomato.com/ncr/saravana-bhavan-connaught-place-new-delhi,"P-13, Connaught Circle, Connaught Place, New Delhi"
C.I.A Call It Asiian,"Thai, Chinese, Sushi, Momos",700," Greater Kailash 2 (GK2), New Delhi",4.6,1373,4.2,10800,https://www.zomato.com/ncr/c-i-a-call-it-asiian-greater-kailash-gk-2-new-delhi,"13- 16, Narmada Shopping Complex, Alaknanda Road, Near Don Bosco School, Greater Kailash 2 (GK 2), New Delhi"
Open Tap,"Finger Food, North Indian, Continental, Italian",1800," South Point Mall, Golf Course Road, Gurgaon",4.6,936,,0,https://www.zomato.com/ncr/open-tap-golf-course-road,"Upper Ground Floor, DLF South Point Mall, Golf Course Road, Gurgaon"
Hamoni: Cafe By The Greens,"Cafe, North Indian, Italian, Desserts, Beverages",1200," Sector 23, Gurgaon",4.6,959,3.4,74,https://www.zomato.com/ncr/hamoni-cafe-by-the-greens-sector-23,"CK Farm, Carterpuri Village, Sector 23A, Near Sector 23, Gurgaon"
Indian Grill Room,"North Indian, Mughlai, Beverages, Kebab",1800," Suncity Business Tower, Golf Course Road, Gurgaon",4.6,3438,4.1,12400,https://www.zomato.com/ncr/indian-grill-room-golf-course-road,"315, 3rd Floor, Suncity Business Tower, Golf Course Road, Gurgaon"
Noida Social,"North Indian, Chinese, Burger, Rolls, Pizza, Momos, Continental, Beverages",1300," DLF Mall of India, Sector 18,  Noida, Noida",4.6,944,4.2,465,https://www.zomato.com/ncr/noida-social-sector-18-noida,"C 412, 3rd Floor, DLF Mall Of India, Sector 18, Noida"
K3 - JW Marriott New Delhi,"North Indian, Chinese, Italian, Momos",3500," JW Marriott New Delhi, New Delhi",4.6,1608,,0,https://www.zomato.com/ncr/k3-jw-marriott-new-delhi-aerocity-new-delhi,"Asset Area 4, Hospitality District, Aerocity, New Delhi"
Barbeque Nation,"North Indian, BBQ, Beverages, Desserts",1500," Unity One Mall, Janakpuri, New Delhi",4.6,2881,3.5,1280,https://www.zomato.com/ncr/barbeque-nation-vikaspuri-new-delhi,"Second Floor, Unity One Mall, Near Janakpuri West Metro Station, Vikaspuri, New Delhi"
Di Ghent Cafe,"European, Belgian",1700," Cross Point Mall, DLF Phase 4, Gurgaon",4.6,2346,4.2,2886,https://www.zomato.com/ncr/di-ghent-cafe-dlf-phase-4,"207, Level 2, Cross Point Mall, DLF Phase 4, Gurgaon"
Vapour Bar Exchange,"Continental, Italian, American, North Indian",1600," Sohna Road, Gurgaon",4.6,1208,3.5,198,https://www.zomato.com/ncr/vapour-bar-exchange-sohna-road,"Shop 1, Vipul Trade Centre, Sohna Road, Gurgaon"
Kiara Soul Kitchen,"Asian, North Indian, Oriental, Desserts, Juices, Beverages",1800," M Block Market, Greater Kailash 2 (GK2), New Delhi",4.6,595,3.8,118,https://www.zomato.com/ncr/kiara-soul-kitchen-greater-kailash-gk-2-new-delhi,"M 30, 1st Floor, M Block Market, Greater Kailash 2 (GK 2), New Delhi"
The Yellow Chilli,"North Indian, Mughlai, Chinese, Beverages, Desserts, Kebab",1600," Sector 110, Noida",4.6,2575,3.9,1207,https://www.zomato.com/ncr/the-yellow-chilli-sector-110-noida,"GT 1 - 2, 1st Floor, Sector 104, Near Sector 110, Noida"
Mahabelly,"Kerala, South Indian, Seafood, Biryani",700," DLF Avenue, Saket, New Delhi",4.6,2323,4.3,11600,https://www.zomato.com/mahabelly,"MA-A05, Ground Floor, Restaurant Block, DLF Avenue, Saket, New Delhi"
The Piano Man Jazz Club,"Finger Food, Mexican, American, Italian, Asian, Beverages",1800," Safdarjung, New Delhi",4.6,1277,3.9,55,https://www.zomato.com/ncr/the-piano-man-jazz-club-safdarjung-new-delhi,"Shop B 6, 7/22, Safdarjung Enclave Market, Opposite Deer Park, Safdarjung, New Delhi"
You Mee,"Japanese, Sushi, Asian, Chinese, Thai, Beverages",1000," Greater Kailash 2 (GK2), New Delhi",4.6,1010,4.3,1665,https://www.zomato.com/ncr/you-mee-greater-kailash-gk-2-new-delhi,"M 27, Ground Floor, Greater Kailash 2 (GK 2), New Delhi"
Delhi Club House,"North Indian, Continental, Asian",1700," Sangam Courtyard, RK Puram, New Delhi",4.6,1221,4.3,123,https://www.zomato.com/ncr/delhi-club-house-r-k-puram-new-delhi,"Ground Floor, Sangam Courtyard, Major Somnath Marg, R K Puram, New Delhi"
Wenger's Deli,"Fast Food, Desserts, Beverages, North Indian, Pizza",500," Connaught Place, New Delhi",4.6,2290,,0,https://www.zomato.com/ncr/wengers-deli-connaught-place-new-delhi,"A 18, Radial Road, Connaught Place, New Delhi"
Farmer's Basket At Pluck,"Chinese, European, North Indian",3000," Pullman New Delhi Aerocity, Aerocity, New Delhi",4.6,913,,0,https://www.zomato.com/ncr/farmers-basket-at-pluck-aerocity-new-delhi,"Pullman Aerocity, Asset 2, Hospitality District, Aerocity, New Delhi"
The Pasta Bowl Company,"Italian, Fast Food, Pizza, Pasta",1300," Cross Point Mall, DLF Phase 4, Gurgaon",4.6,1479,4.2,692,https://www.zomato.com/ncr/the-pasta-bowl-company-dlf-phase-4,"GL 201, Floor 2, Cross Point Mall, DLF Phase 4, Gurgaon"
Chor Bizarre,"North Indian, Mughlai, Beverages",1600," Pandara Road Market, New Delhi",4.6,550,,0,https://www.zomato.com/ncr/chor-bizarre-pandara-road-new-delhi,"Near India Gate, Bikaner House, Pandara Road Market, New Delhi"
Honk - Pullman New Delhi Aerocity,"Japanese, Chinese, Thai, Beverages",2500," Pullman New Delhi Aerocity, Aerocity, New Delhi",4.6,835,,5,https://www.zomato.com/ncr/honk-pullman-new-delhi-aerocity-aerocity-new-delhi,"Near IGI Airport, Asset 2, GMR Hospitality District, Aerocity, New Delhi"
Sakley's The Mountain Cafe,"Cafe, Italian, Fast Food",1300," DLF Galleria, DLF Phase 4, Gurgaon",4.6,1471,3.8,213,https://www.zomato.com/ncr/sakleys-the-mountain-cafe-dlf-phase-4,"SF-93, 1st Floor, DLF Galleria, DLF Phase 4, Gurgaon"
Cafe Diaries,"Cafe, Continental, Italian, Chinese, Mexican, Fast Food, Desserts, Beverages",800," Satyaniketan, New Delhi",4.6,1003,3.8,250,https://www.zomato.com/ncr/cafe-diaries-satyaniketan-new-delhi,"House 10, 1st Floor, Satyaniketan, New Delhi"
Nando's,"Portuguese, Roast Chicken, Burger, Wraps, Salad",800," Ambience Mall, DLF Phase 3, Gurgaon",4.6,969,4,269,https://www.zomato.com/ncr/nandos-1-dlf-phase-3,"3rd Floor, Ambience Mall, Gurgaon - Delhi Expressway, DLF Phase 3, Gurgaon"
Cafe Parmesan,"Italian, Pizza, Beverages",1800," Sector 15, Faridabad",4.6,1477,4.1,1257,https://www.zomato.com/ncr/cafe-parmesan-sector-15-faridabad,"SCF-42, 1st Floor, HUDA Market, Sector 15, Faridabad"
Nona's Kitchen,"North Indian, Mughlai, Rolls, Chinese, Kebab",800," Supermart 1, DLF Phase 4, Gurgaon",4.6,1063,3.7,4853,https://www.zomato.com/ncr/nonas-kitchen-dlf-phase-4,"A 224, Ground Floor, Supermart 1, DLF Phase 4, Gurgaon"
The Great Kabab Factory - Radisson Blu Plaza Delhi Airport,"North Indian, Mughlai, Kebab, Biryani, Desserts, Beverages",2500," Radisson Blu Plaza Delhi Airport, Mahipalpur, New Delhi",4.6,791,,6,https://www.zomato.com/ncr/the-great-kabab-factory-radisson-blu-plaza-delhi-airport-mahipalpur-new-delhi,"Radisson Blu Plaza Delhi Airport, National Highway 8, Near IGI Airport, Mahipalpur, New Delhi"
Wafflesome,"Desserts, Beverages",500," Greater Kailash 1 (GK1), New Delhi",4.6,1500,4.2,2615,https://www.zomato.com/ncr/wafflesome-greater-kailash-gk-1-new-delhi,"M-33, Near M Block Market, Greater Kailash (GK) 1, New Delhi"
Green House - The Beer Garden,"Continental, Tex-Mex, Mediterranean, North Indian, Asian",1500," Eros City Square Mall, Sector 49, Gurgaon, Gurgaon",4.6,1452,3.6,116,https://www.zomato.com/ncr/green-house-the-beer-garden-sector-49,"Food Court 3, Eros City Square Mall, Sector 49, Gurgaon, Gurgaon"
Big Wong,"Asian, Thai, Sushi, Poké, Chinese",1000," Sector 110, Noida",4.6,952,4.2,4540,https://www.zomato.com/ncr/big-wong-sector-110-noida,"The Starling Retail, Sector 104, Sector 110, Noida"
La Pino'z Pizza,"Italian, Fast Food, Beverages, Desserts",500," Raheja Mall, Sohna Road, Gurgaon",4.6,1384,4,13600,https://www.zomato.com/ncr/la-pinoz-pizza-sohna-road,"Shop 234, 2nd Floor, Raheja Mall, Sohna Road, Gurgaon"
The Hook,"Seafood, Continental, North Indian",1800," Sector 29, Gurgaon",4.6,2285,3.8,332,https://www.zomato.com/ncr/the-hook-sector-29,"SCO 30, Leisure Valley Road, Sector 29, Gurgaon"
Rahul Eggs,"Fast Food, Healthy Food, Street Food, North Indian",350," Lawrence Road, New Delhi",4.6,1081,4.1,639,https://www.zomato.com/ncr/rahul-eggs-lawrence-road-new-delhi,"B-4/300 A, Main Road, Near Keshavpuram Metro Station, Lawrence Road, New Delhi"
"Colocal ""The Cacao Artisans""","Cafe, Desserts, Continental, Coffee, Italian, Beverages",1000," Chhatarpur, New Delhi",4.5,571,4.3,207,https://www.zomato.com/ncr/colocal-the-cacao-artisans-chhatarpur-new-delhi,"100 Feet Road, The Dhan Mill Compound, Chhatarpur, New Delhi"
Farzi Cafe,"Mughlai, Finger Food, North Indian, Beverages",2200," Connaught Place, New Delhi",4.5,4355,3.9,70,https://www.zomato.com/ncr/farzi-cafe-connaught-place-new-delhi,"38/39, Block E, Inner Circle, Connaught Place, New Delhi"
The Drunken Botanist,"Continental, Italian, North Indian, Chinese",2000," Cyber Hub, DLF Cyber City, Gurgaon",4.5,6302,,0,https://www.zomato.com/ncr/the-drunken-botanist-dlf-cyber-city,"Unit 1B & 1C, Upper Ground Floor-C, Building 10C, Cyber Hub, DLF Cyber City, Gurgaon"
Jamun,"North Indian, Mughlai, Fast Food, Beverages",1500," Lodhi Colony, New Delhi",4.5,924,4.2,268,https://www.zomato.com/ncr/jamun-lodhi-colony-new-delhi,"17, Near Yamuna Chemist, Lodhi Colony, New Delhi"
Anardana: Modern Kitchen & Bar,"North Indian, Italian, Chinese, Beverages, Biryani, Mughlai, Kebab",1200," Karkardooma, New Delhi",4.5,1165,4.2,996,https://www.zomato.com/ncr/anardana-modern-kitchen-bar-karkardooma-new-delhi,"3, Hargovind Enclave, Karkardooma, New Delhi"
38 Barracks,"Finger Food, North Indian, Italian, Chinese, Continental, Pizza, Desserts, Beverages",1500," Connaught Place, New Delhi",4.5,3888,3.9,165,https://www.zomato.com/ncr/38-barracks-connaught-place-new-delhi,"M-38, Outer Circle, Opposite Shankar Market, Connaught Place, New Delhi"
Rooh,"Modern Indian, Continental, Desserts",4000," Mehrauli, New Delhi",4.5,247,,0,https://www.zomato.com/ncr/rooh-mehrauli-new-delhi,"H-5/1, Ambawatta One Complex, Kalkadas Marg, Mehrauli, New Delhi"
Sly Granny,"Continental, American, Italian, European, Mexican, Desserts",1800," Khan Market, New Delhi",4.5,992,4.2,431,https://www.zomato.com/ncr/sly-granny-khan-market-new-delhi,"Flat 4, 1st - 2nd Floor, Khan Market, New Delhi"
Tamra - Shangri-La's - Eros Hotel,"North Indian, Continental, European, Asian, American, Desserts, Beverages",3800," Shangri-La's - Eros Hotel, Connaught Place, New Delhi",4.5,1004,3.9,31,https://www.zomato.com/ncr/tamra-shangri-las-eros-hotel-connaught-place-new-delhi,"19, Level 1, Ashoka Road, Connaught Place, New Delhi"
Padmanabham,"South Indian, North Indian, Beverages, Desserts",800," Janpath, New Delhi",4.5,848,4.3,224,https://www.zomato.com/ncr/padmanabham-2-janpath-new-delhi,"52, Atul Grove Road, Opposite Metro Gate 2, Janpath, New Delhi"
Manhattan Bar & Brewery,"Finger Food, American, Continental, North Indian, Italian, Beverages",1400," Global Foyer Mall, Golf Course Road, Gurgaon",4.5,4637,,0,https://www.zomato.com/ncr/manhattan-bar-brewery-golf-course-road,"1st Floor, Global Foyer Mall, Golf Course Road, Gurgaon"
Brewocrat - Brewery Skybar & Kitchen,"Finger Food, Continental, Mediterranean, Italian, Asian",2000," Elements One Mall, Sector 49, Gurgaon",4.5,634,3.9,34,https://www.zomato.com/ncr/brewocrat-brewery-skybar-kitchen-south-city-2,"Element One, Block A, Lower Terrace, Sector 47, South City 2, Gurgaon"
